{"cameraMode":{"drawMode":0,"name":"Shaded","section":"Shading Mode"},"sceneLighting":true,"audioPlay":false,"sceneViewState":{"showFog":false,"showMaterialUpdate":false,"showSkybox":false,"showFlares":false,"showImageEffects":false,"showParticleSystems":false},"in2DMode":false,"pivot":{"x":-0.030479488894343377,"y":0.8619930744171143,"z":1.7220830917358399},"rotation":{"x":-0.09724739193916321,"y":0.0014011530438438058,"z":-0.00012591513223014772,"w":-0.9952806234359741},"size":5.674379348754883,"orthographic":false}